area	filename
B2	B22001H.ADA
B2	B23002A.ADA
B2	B23004B.ADA
B2	B24001A.ADA
B2	B24001C.ADA
B2	B24005A.ADA
B2	B24007A.ADA
B2	B24009A.ADA
B2	B24104A.ADA
B2	B24204C.ADA
B2	B24204D.ADA
B2	B24205A.ADA
B2	B24206A.ADA
B2	B24211B.ADA
B2	B25002A.ADA
B2	B26001A.ADA
B2	B26005A.ADA
B2	B28001A.ADA
B2	B28001C.ADA
B2	B28001D.ADA
B2	B28001R.ADA
B2	B28001S.ADA
B2	B28001U.ADA
B2	B28001W.ADA
B2	B2A003A.ADA
B2	B2A003C.ADA
B2	B2A003D.ADA
B2	B2A003F.ADA
B2	B2A005A.ADA
B2	B2A007A.ADA
B3	B32103A.ADA
B3	B32202A.ADA
B3	B33102A.ADA
B3	B33102E.ADA
B3	B33201C.ADA
B3	B33205A.ADA
B3	B34002B.ADA
B3	B34005H.ADA
B3	B34005T.ADA
B3	B34007N.ADA
B3	B34009H.ADA
B3	B34014F.ADA
B3	B34014Q.ADA
B3	B34014Z.ADA
B3	B35103B.ADA
B3	B35403A.ADA
B3	B35506A.ADA
B3	B35709A.ADA
B3	B35A01A.ADA
B3	B36101A.ADA
B3	B36171B.ADA
B3	B36171F.ADA
B3	B36171I.ADA
B3	B37004C.ADA
B3	B37004G.ADA
B3	B37104A.ADA
B3	B37301J.ADA
B3	B37310B.ADA
B3	B38008B.ADA
B3	B392010.A
B4	B41101A.ADA
B4	B41201C.ADA
B4	B41324B.ADA
B4	B420001.A
B4	B43002H.ADA
B4	B43005A.ADA
B4	B43102B.ADA
B4	B43201C.ADA
B4	B43221B.ADA
B4	B44002C.ADA
B4	B44004C.ADA
B4	B45102A.ADA
B4	B45204A.ADA
B4	B45209C.ADA
B4	B45209F.ADA
B4	B45209I.ADA
B4	B45221A.ADA
B4	B45261C.ADA
B4	B45301C.ADA
B4	B455002.A
B4	B45501C.ADA
B4	B45601A.ADA
B4	B46004A.ADA
B4	B46004D.ADA
B4	B48001A.ADA
B4	B48002C.ADA
B4	B490002.A
B4	B49005A.ADA
B4	B49008C.ADA
B4	B49010A.ADA
B5	B51004B.ADA
B5	B52002A.ADA
B5	B52002D.ADA
B5	B52002G.ADA
B5	B52004B.ADA
B5	B53002A.ADA
B5	B53009B.ADA
B5	B54A01F.ADA
B5	B54A01L.ADA
B5	B54A05B.ADA
B5	B54A21A.ADA
B5	B54A60A.ADA
B5	B54B02B.ADA
B5	B54B02D.ADA
B5	B54B05A.ADA
B5	B55A01A.ADA
B5	B55A01E.ADA
B5	B55A01N.ADA
B5	B55A01T.ADA
B5	B55B01A.ADA
B5	B55B09B.ADA
B5	B55B17A.ADA
B5	B55B17C.ADA
B5	B56001A.ADA
B5	B56001F.ADA
B5	B56001H.ADA
B5	B57001C.ADA
B5	B58003B.ADA
B5	B59001D.ADA
B5	B59001G.ADA
B6	B61001F.ADA
B6	B61005A.ADA
B6	B61011A.ADA
B6	B62001A.ADA
B6	B62001B.ADA
B6	B62001C.ADA
B6	B62001D.ADA
B6	B63001A.ADA
B6	B63001B.ADA
B6	B63005A.ADA
B6	B63005B.ADA
B6	B63006A.ADA
B6	B63009C0.ADA
B6	B63009C2.ADA
B6	B63103A.ADA
B6	B64002A.ADA
B6	B64002C.ADA
B6	B64004A.ADA
B6	B64004B.ADA
B6	B64004C.ADA
B6	B64004D.ADA
B6	B64004E.ADA
B6	B64004F.ADA
B6	B65002A.ADA
B6	B660003.A
B6	B66001A.ADA
B6	B66001B.ADA
B6	B66001C.ADA
B7	B71001A.ADA
B7	B71001B.ADA
B7	B71001C.ADA
B7	B71001F.ADA
B7	B71001G.ADA
B7	B71001I.ADA
B7	B71001J.ADA
B7	B71001M.ADA
B7	B71001N.ADA
B7	B71001P.ADA
B7	B71001R.ADA
B7	B71001U.ADA
B7	B71001V.ADA
B7	B7300062.A
B7	B730013.A
B7	B73001B.ADA
B7	B73001C.ADA
B7	B73001D.ADA
B7	B73001F.ADA
B7	B73001G.ADA
B7	B73004A.ADA
B7	B7310013.A
B7	B74101A.ADA
B7	B74101B.ADA
B7	B74202B.ADA
B7	B74202C.ADA
B7	B74304A.ADA
B7	B74304B.ADA
B7	B74404A.ADA
B7	B74404B.ADA
B8	B8300045.A
B8	B83003A.ADA
B8	B83003C.ADA
B8	B83008A.ADA
B8	B83023B.ADA
B8	B83024F1.ADA
B8	B83024F3.ADA
B8	B83027B.ADA
B8	B83029B.ADA
B8	B83031D.ADA
B8	B83033B.ADA
B8	B83A01C.ADA
B8	B83A06B.ADA
B8	B83A07B.ADA
B8	B83A08B.ADA
B8	B83B02C.ADA
B8	B83E01F0.ADA
B8	B83F02B.ADA
B8	B84001A.ADA
B8	B84005B.ADA
B8	B84007A.ADA
B8	B85001A.ADA
B8	B85001C.ADA
B8	B85001F.ADA
B8	B85001H.ADA
B8	B85008F.ADA
B8	B85008H.ADA
B8	B85010B.ADA
B8	B85015A.ADA
B8	B8510011.A
B9	B91001B.ADA
B9	B91001G.ADA
B9	B91002C.ADA
B9	B91002F.ADA
B9	B91002I.ADA
B9	B91003A.ADA
B9	B91003D.ADA
B9	B91005A.ADA
B9	B940001.A
B9	B95001A.ADA
B9	B95002A.ADA
B9	B95004B.ADA
B9	B95006C.ADA
B9	B95020B0.ADA
B9	B95031A.ADA
B9	B95061C.ADA
B9	B95061F.ADA
B9	B95063A.ADA
B9	B95080C.ADA
B9	B95082C.ADA
B9	B95082F.ADA
B9	B951001.A
B9	B954004.A
B9	B97103A.ADA
B9	B97103E.ADA
B9	B97104A.ADA
B9	B97104E.ADA
B9	B97107A.ADA
B9	B99001A.ADA
B9	B99002B.ADA
BA	BA1001A1.ADA
BA	BA1010A2.ADA
BA	BA1010B4.ADA
BA	BA1010C0.ADA
BA	BA1010C4.ADA
BA	BA1010D2.ADA
BA	BA1010E3.ADA
BA	BA1010F0.ADA
BA	BA1010F6.ADA
BA	BA1010G3.ADA
BA	BA1010I0.ADA
BA	BA1010J0.ADA
BA	BA1010J6.ADA
BA	BA1010K2.ADA
BA	BA1010K6.ADA
BA	BA1010L4.ADA
BA	BA1010M3.ADA
BA	BA1010M7.ADA
BA	BA1010N4.ADA
BA	BA1010Q1.ADA
BA	BA1011B3.ADA
BA	BA1011B7.ADA
BA	BA1011C4.ADA
BA	BA1020A1.ADA
BA	BA1020C1.ADA
BA	BA1020F0.ADA
BA	BA1101B0.ADA
BA	BA1101C2.ADA
BA	BA2001F0.ADA
BA	BA3001E0.ADA
BB	BB10001.A
BB	BB2003A.ADA
BB	BB2003B.ADA
BB	BB2003C.ADA
BB	BB3002A.ADA
BC	BC1002A.ADA
BC	BC1008C.ADA
BC	BC1011C.ADA
BC	BC1014B.ADA
BC	BC1101A.ADA
BC	BC1106A.ADA
BC	BC1109D.ADA
BC	BC1201C.ADA
BC	BC1201F.ADA
BC	BC1201J.ADA
BC	BC1202A.ADA
BC	BC1205A.ADA
BC	BC2004A.ADA
BC	BC3002B.ADA
BC	BC3006A.ADA
BC	BC3101B.ADA
BC	BC3201C.ADA
BC	BC3202C.ADA
BC	BC3302A.ADA
BC	BC3304A.ADA
BC	BC3402A.ADA
BC	BC3403C.ADA
BC	BC3404C.ADA
BC	BC3404F.ADA
BC	BC3501D.ADA
BC	BC3501G.ADA
BC	BC3501J.ADA
BC	BC3502E.ADA
BC	BC3502H.ADA
BC	BC3502L.ADA
BD	BD1B06J.ADA
BD	BD2001B.ADA
BD	BD2A03A.ADA
BD	BD2A06A.ADA
BD	BD2A25A.ADA
BD	BD2A45A.ADA
BD	BD2A55B.ADA
BD	BD2A67A.ADA
BD	BD2A85A.ADA
BD	BD2B01C.ADA
BD	BD2B02A.ADA
BD	BD2B03B.ADA
BD	BD2D01C.ADA
BD	BD2D01D.ADA
BD	BD2D03A.ADA
BD	BD3001A.ADA
BD	BD3001B.ADA
BD	BD3002A.ADA
BD	BD3003B.ADA
BD	BD3012A.ADA
BD	BD4001A.ADA
BD	BD4003A.ADA
BD	BD4003B.ADA
BD	BD4007A.ADA
BD	BD4011A.ADA
BD	BD5001A.ADA
BD	BD7201C.ADA
BD	BD7204A.ADA
BD	BD7205A.ADA
BD	BD7302A.ADA
BE	BE2114A.ADA
BE	BE2116A.ADA
BE	BE2208A.ADA
BE	BE3002A.ADA
BE	BE3002E.ADA
BE	BE3205A.ADA
BE	BE3301C.ADA
BE	BE3606C.ADA
BE	BE3703A.ADA
BE	BE3803A.ADA
BE	BE3902A.ADA
BE	BE3903A.ADA
BXA	BXA8001.A
BXA	BXAC001.A
BXE	BXE2008.A
C3	C35508K.ADA
C3	C37310A.ADA
C3	C38102E.ADA
C3	C39006F1.ADA
C4	C45431A.ADA
C4	C49025A.ADA
C5	C54A13D.ADA
C5	C55B06A.ADA
C7	C74004A.ADA
C8	C87B07B.ADA
C8	C87B07C.ADA
C8	C87B08A.ADA
C8	C87B18B.ADA
C8	C87B30A.ADA
C8	C87B34B.ADA
C8	C87B41A.ADA
C8	C87B42A.ADA
C8	C87B47A.ADA
C9	C93005A.ADA
CA	CA1011A1.ADA
CA	CA1011A3.ADA
CA	CA1011A5.ADA
CA	CA1012A0.ADA
CA	CA1012A1.ADA
CA	CA1012A2.ADA
CA	CA1012A3.ADA
CA	CA1022A5.ADA
CA	CA1102A0.ADA
CA	CA1102A1.ADA
CA	CA140231.A
CA	CA140233.A
CA	CA2001H0.ADA
CA	CA2001H2.ADA
CC	CC1111A.ADA
CC	CC2002A.ADA
CD	CD2A51A.ADA
CD	CD2A53E.ADA
CD	CD7305A.ADA
